GEOID,NAME.x,tot_population_race,pop_nonwhite,pop_nonwhitenh,race_pct_white,race_pct_whitenh,race_pct_nonwhite,race_pct_nonwhitenh,race_pct_black,race_pct_aapi,race_pct_native,race_pct_hisp,tot_population_income,in_poverty,inc_pct_poverty,inc_percapita_income,tot_population_language,only_english_pct,any_other_than_english_pct,spanish_pct,french_pct,chinese_pct,spanish_with_english_pct,spanish_no_english_pct,NAME.y,age_pct_under30,age_pct_over65
5.10131E+11,"Block Group 1, Census Tract 1001, Arlington County, Virginia",1143,151,289,0.867891514,0.747156605,0.132108486,0.252843395,0.020122485,0.034120735,0,0.141732283,1143,34,0.029746282,71834,NA,NA,NA,NA,NA,NA,NA,NA,"Block Group 1, Census Tract 1001, Arlington County, Virginia",0.181102362,0.13735783
5.10131E+11,"Block Group 2, Census Tract 1001, Arlington County, Virginia",902,334,417,0.629711752,0.537694013,0.370288248,0.462305987,0,0.362527716,0,0.099778271,902,16,0.017738359,87396,NA,NA,NA,NA,NA,NA,NA,NA,"Block Group 2, Census Tract 1001, Arlington County, Virginia",0.041019956,0.167405765
5.10131E+11,"Block Group 3, Census Tract 1001, Arlington County, Virginia",1275,116,198,0.909019608,0.844705882,0.090980392,0.155294118,0.009411765,0.039215686,0,0.101960784,1275,5,0.003921569,76907,NA,NA,NA,NA,NA,NA,NA,NA,"Block Group 3, Census Tract 1001, Arlington County, Virginia",0.066666667,0.093333333
5.10131E+11,"Block Group 4, Census Tract 1001, Arlington County, Virginia",1983,135,336,0.931921331,0.830559758,0.068078669,0.169440242,0,0.048915784,0,0.114473021,1983,8,0.004034291,74634,NA,NA,NA,NA,NA,NA,NA,NA,"Block Group 4, Census Tract 1001, Arlington County, Virginia",0.083207262,0.147755925
5.10131E+11,"Block Group 1, Census Tract 1002, Arlington County, Virginia",1541,206,328,0.866320571,0.787151201,0.133679429,0.212848799,0.000648929,0.014925373,0.040233615,0.115509409,1541,5,0.003244646,92239,NA,NA,NA,NA,NA,NA,NA,NA,"Block Group 1, Census Tract 1002, Arlington County, Virginia",0.03569111,0.122647631
5.10131E+11,"Block Group 2, Census Tract 1002, Arlington County, Virginia",1662,60,204,0.963898917,0.877256318,0.036101083,0.122743682,0,0.036101083,0,0.086642599,1662,34,0.02045728,84746,NA,NA,NA,NA,NA,NA,NA,NA,"Block Group 2, Census Tract 1002, Arlington County, Virginia",0.067990373,0.123947052
5.10131E+11,"Block Group 3, Census Tract 1002, Arlington County, Virginia",673,23,23,0.965824666,0.965824666,0.034175334,0.034175334,0,0.034175334,0,0,673,0,0,136392,NA,NA,NA,NA,NA,NA,NA,NA,"Block Group 3, Census Tract 1002, Arlington County, Virginia",0.034175334,0.362555721
5.10131E+11,"Block Group 4, Census Tract 1002, Arlington County, Virginia",1090,54,81,0.950458716,0.925688073,0.049541284,0.074311927,0,0.049541284,0,0.024770642,1090,35,0.032110092,86110,NA,NA,NA,NA,NA,NA,NA,NA,"Block Group 4, Census Tract 1002, Arlington County, Virginia",0.034862385,0.11559633
5.10131E+11,"Block Group 5, Census Tract 1002, Arlington County, Virginia",605,99,99,0.836363636,0.836363636,0.163636364,0.163636364,0,0.092561983,0,0,605,0,0,95515,NA,NA,NA,NA,NA,NA,NA,NA,"Block Group 5, Census Tract 1002, Arlington County, Virginia",0,0.137190083
5.10131E+11,"Block Group 6, Census Tract 1002, Arlington County, Virginia",921,149,203,0.838219327,0.779587405,0.161780673,0.220412595,0.017372421,0.124864278,0,0.058631922,921,22,0.023887079,95986,NA,NA,NA,NA,NA,NA,NA,NA,"Block Group 6, Census Tract 1002, Arlington County, Virginia",0.086862106,0.203040174
5.10131E+11,"Block Group 1, Census Tract 1003, Arlington County, Virginia",1182,98,286,0.917089679,0.758037225,0.082910321,0.241962775,0,0.082910321,0,0.159052453,1182,0,0,92481,NA,NA,NA,NA,NA,NA,NA,NA,"Block Group 1, Census Tract 1003, Arlington County, Virginia",0.021996616,0.225042301
5.10131E+11,"Block Group 2, Census Tract 1003, Arlington County, Virginia",1815,88,111,0.951515152,0.938842975,0.048484848,0.061157025,0,0.039669421,0,0.012672176,1815,0,0,119603,NA,NA,NA,NA,NA,NA,NA,NA,"Block Group 2, Census Tract 1003, Arlington County, Virginia",0.085950413,0.143250689
5.10131E+11,"Block Group 3, Census Tract 1003, Arlington County, Virginia",1683,111,111,0.934046346,0.934046346,0.065953654,0.065953654,0.011289364,0.05466429,0,0,1683,19,0.011289364,92207,NA,NA,NA,NA,NA,NA,NA,NA,"Block Group 3, Census Tract 1003, Arlington County, Virginia",0.035056447,0.138443256
5.10131E+11,"Block Group 4, Census Tract 1003, Arlington County, Virginia",527,0,34,1,0.935483871,0,0.064516129,0,0,0,0.064516129,527,28,0.05313093,87026,NA,NA,NA,NA,NA,NA,NA,NA,"Block Group 4, Census Tract 1003, Arlington County, Virginia",0.064516129,0.457305503
5.10131E+11,"Block Group 5, Census Tract 1003, Arlington County, Virginia",1328,378,393,0.715361446,0.704066265,0.284638554,0.295933735,0.089608434,0.090361446,0,0.073042169,807,6,0.007434944,77997,NA,NA,NA,NA,NA,NA,NA,NA,"Block Group 5, Census Tract 1003, Arlington County, Virginia",0.399096386,0.03689759
5.10131E+11,"Block Group 1, Census Tract 1004, Arlington County, Virginia",1557,108,154,0.930635838,0.901091843,0.069364162,0.098908157,0,0.026974952,0,0.056518947,1549,0,0,113329,NA,NA,NA,NA,NA,NA,NA,NA,"Block Group 1, Census Tract 1004, Arlington County, Virginia",0.055234425,0.231213873
5.10131E+11,"Block Group 2, Census Tract 1004, Arlington County, Virginia",658,59,69,0.910334347,0.895136778,0.089665653,0.104863222,0.024316109,0.051671733,0,0.02887538,658,18,0.027355623,99028,NA,NA,NA,NA,NA,NA,NA,NA,"Block Group 2, Census Tract 1004, Arlington County, Virginia",0.02887538,0.176291793
5.10131E+11,"Block Group 3, Census Tract 1004, Arlington County, Virginia",1552,172,314,0.889175258,0.797680412,0.110824742,0.202319588,0.06314433,0.028350515,0,0.091494845,1552,79,0.050902062,124097,NA,NA,NA,NA,NA,NA,NA,NA,"Block Group 3, Census Tract 1004, Arlington County, Virginia",0.074097938,0.173969072
5.10131E+11,"Block Group 1, Census Tract 1005, Arlington County, Virginia",1407,327,361,0.767590618,0.743425729,0.232409382,0.256574271,0.049040512,0.090973703,0,0.050461976,1407,53,0.037668799,79028,NA,NA,NA,NA,NA,NA,NA,NA,"Block Group 1, Census Tract 1005, Arlington County, Virginia",0.090973703,0.050461976
5.10131E+11,"Block Group 2, Census Tract 1005, Arlington County, Virginia",767,69,110,0.910039113,0.856584094,0.089960887,0.143415906,0.078226858,0,0,0.05345502,767,7,0.009126467,136392,NA,NA,NA,NA,NA,NA,NA,NA,"Block Group 2, Census Tract 1005, Arlington County, Virginia",0.079530639,0.208604954
5.10131E+11,"Block Group 3, Census Tract 1005, Arlington County, Virginia",1216,79,92,0.935032895,0.924342105,0.064967105,0.075657895,0,0.018092105,0,0.010690789,1216,0,0,100477,NA,NA,NA,NA,NA,NA,NA,NA,"Block Group 3, Census Tract 1005, Arlington County, Virginia",0.089638158,0.167763158
5.10131E+11,"Block Group 4, Census Tract 1005, Arlington County, Virginia",1307,199,244,0.847742923,0.81331293,0.152257077,0.18668707,0.012241775,0.048201989,0,0.061973986,1307,68,0.052027544,87600,NA,NA,NA,NA,NA,NA,NA,NA,"Block Group 4, Census Tract 1005, Arlington County, Virginia",0.168324407,0.120887529
5.10131E+11,"Block Group 1, Census Tract 1006, Arlington County, Virginia",1245,204,331,0.836144578,0.734136546,0.163855422,0.265863454,0.089959839,0.040160643,0,0.131726908,1030,40,0.038834951,72410,NA,NA,NA,NA,NA,NA,NA,NA,"Block Group 1, Census Tract 1006, Arlington County, Virginia",0.152610442,0.244176707
5.10131E+11,"Block Group 2, Census Tract 1006, Arlington County, Virginia",767,147,244,0.808344198,0.681877445,0.191655802,0.318122555,0.003911343,0.102998696,0,0.165580183,767,41,0.05345502,76487,NA,NA,NA,NA,NA,NA,NA,NA,"Block Group 2, Census Tract 1006, Arlington County, Virginia",0.134289439,0.076923077
5.10131E+11,"Block Group 3, Census Tract 1006, Arlington County, Virginia",1258,268,314,0.786963434,0.750397456,0.213036566,0.249602544,0.023847377,0.070747218,0.009538951,0.120031797,1258,103,0.081875994,77861,NA,NA,NA,NA,NA,NA,NA,NA,"Block Group 3, Census Tract 1006, Arlington County, Virginia",0.175675676,0.107313196
5.10131E+11,"Block Group 1, Census Tract 1007, Arlington County, Virginia",1548,259,390,0.832687339,0.748062016,0.167312661,0.251937984,0,0.156330749,0,0.089793282,1548,36,0.023255814,76078,NA,NA,NA,NA,NA,NA,NA,NA,"Block Group 1, Census Tract 1007, Arlington County, Virginia",0.122739018,0.084625323
5.10131E+11,"Block Group 2, Census Tract 1007, Arlington County, Virginia",664,0,0,1,1,0,0,0,0,0,0,664,114,0.171686747,73081,NA,NA,NA,NA,NA,NA,NA,NA,"Block Group 2, Census Tract 1007, Arlington County, Virginia",0.102409639,0.19126506
5.10131E+11,"Block Group 3, Census Tract 1007, Arlington County, Virginia",784,104,104,0.867346939,0.867346939,0.132653061,0.132653061,0,0.132653061,0,0,784,50,0.06377551,95063,NA,NA,NA,NA,NA,NA,NA,NA,"Block Group 3, Census Tract 1007, Arlington County, Virginia",0.06377551,0.154336735
5.10131E+11,"Block Group 4, Census Tract 1007, Arlington County, Virginia",1090,69,181,0.936697248,0.833944954,0.063302752,0.166055046,0.003669725,0,0,0.108256881,1070,33,0.030841121,75260,NA,NA,NA,NA,NA,NA,NA,NA,"Block Group 4, Census Tract 1007, Arlington County, Virginia",0.210091743,0.085321101
5.10131E+11,"Block Group 5, Census Tract 1007, Arlington County, Virginia",874,246,400,0.718535469,0.542334096,0.281464531,0.457665904,0,0.226544622,0.034324943,0.196796339,874,86,0.098398169,69371,NA,NA,NA,NA,NA,NA,NA,NA,"Block Group 5, Census Tract 1007, Arlington County, Virginia",0.220823799,0.106407323
5.10131E+11,"Block Group 6, Census Tract 1007, Arlington County, Virginia",915,405,405,0.557377049,0.557377049,0.442622951,0.442622951,0.012021858,0.06010929,0,0.355191257,915,341,0.372677596,56281,NA,NA,NA,NA,NA,NA,NA,NA,"Block Group 6, Census Tract 1007, Arlington County, Virginia",0.255737705,0.121311475
5.10131E+11,"Block Group 1, Census Tract 1008, Arlington County, Virginia",763,380,422,0.501965924,0.446920052,0.498034076,0.553079948,0.27129751,0.200524246,0,0.116644823,763,69,0.090432503,48361,NA,NA,NA,NA,NA,NA,NA,NA,"Block Group 1, Census Tract 1008, Arlington County, Virginia",0.138925295,0.186107471
5.10131E+11,"Block Group 2, Census Tract 1008, Arlington County, Virginia",855,405,474,0.526315789,0.445614035,0.473684211,0.554385965,0.277192982,0.014035088,0,0.171929825,855,19,0.022222222,57047,NA,NA,NA,NA,NA,NA,NA,NA,"Block Group 2, Census Tract 1008, Arlington County, Virginia",0.216374269,0.122807018
5.10131E+11,"Block Group 1, Census Tract 1009, Arlington County, Virginia",1360,184,196,0.864705882,0.855882353,0.135294118,0.144117647,0.036764706,0.056617647,0,0.008823529,1360,89,0.065441176,83828,NA,NA,NA,NA,NA,NA,NA,NA,"Block Group 1, Census Tract 1009, Arlington County, Virginia",0.058088235,0.219852941
5.10131E+11,"Block Group 2, Census Tract 1009, Arlington County, Virginia",775,92,113,0.881290323,0.854193548,0.118709677,0.145806452,0.010322581,0.073548387,0,0.046451613,775,16,0.020645161,100178,NA,NA,NA,NA,NA,NA,NA,NA,"Block Group 2, Census Tract 1009, Arlington County, Virginia",0.056774194,0.192258065
5.10131E+11,"Block Group 3, Census Tract 1009, Arlington County, Virginia",897,238,249,0.734671126,0.722408027,0.265328874,0.277591973,0.1393534,0.125975474,0,0.012263099,897,11,0.012263099,84285,NA,NA,NA,NA,NA,NA,NA,NA,"Block Group 3, Census Tract 1009, Arlington County, Virginia",0.017837235,0.043478261
5.10131E+11,"Block Group 4, Census Tract 1009, Arlington County, Virginia",1110,415,512,0.626126126,0.538738739,0.373873874,0.461261261,0.097297297,0.082882883,0,0.238738739,1110,113,0.101801802,50852,NA,NA,NA,NA,NA,NA,NA,NA,"Block Group 4, Census Tract 1009, Arlington County, Virginia",0.195495495,0.068468468
5.10131E+11,"Block Group 1, Census Tract 1010, Arlington County, Virginia",851,137,212,0.839012926,0.750881316,0.160987074,0.249118684,0.028202115,0.014101058,0,0.185663925,851,0,0,75794,NA,NA,NA,NA,NA,NA,NA,NA,"Block Group 1, Census Tract 1010, Arlington County, Virginia",0.070505288,0.108108108
5.10131E+11,"Block Group 2, Census Tract 1010, Arlington County, Virginia",836,30,71,0.964114833,0.91507177,0.035885167,0.08492823,0,0.008373206,0,0.049043062,836,0,0,75909,NA,NA,NA,NA,NA,NA,NA,NA,"Block Group 2, Census Tract 1010, Arlington County, Virginia",0.08492823,0.112440191
5.10131E+11,"Block Group 3, Census Tract 1010, Arlington County, Virginia",752,174,186,0.768617021,0.752659574,0.231382979,0.247340426,0.063829787,0.049202128,0,0.015957447,752,35,0.046542553,58429,NA,NA,NA,NA,NA,NA,NA,NA,"Block Group 3, Census Tract 1010, Arlington County, Virginia",0.123670213,0.107712766
5.10131E+11,"Block Group 4, Census Tract 1010, Arlington County, Virginia",896,195,204,0.782366071,0.772321429,0.217633929,0.227678571,0.174107143,0.032366071,0,0.010044643,896,5,0.005580357,73543,NA,NA,NA,NA,NA,NA,NA,NA,"Block Group 4, Census Tract 1010, Arlington County, Virginia",0.075892857,0.110491071
5.10131E+11,"Block Group 1, Census Tract 1011, Arlington County, Virginia",1275,139,165,0.890980392,0.870588235,0.109019608,0.129411765,0.025098039,0.055686275,0,0.022745098,1275,63,0.049411765,80295,NA,NA,NA,NA,NA,NA,NA,NA,"Block Group 1, Census Tract 1011, Arlington County, Virginia",0.138823529,0.105098039
5.10131E+11,"Block Group 2, Census Tract 1011, Arlington County, Virginia",797,66,66,0.91718946,0.91718946,0.08281054,0.08281054,0.048933501,0.033877039,0,0,797,67,0.084065245,68910,NA,NA,NA,NA,NA,NA,NA,NA,"Block Group 2, Census Tract 1011, Arlington County, Virginia",0.165621079,0.105395232
5.10131E+11,"Block Group 3, Census Tract 1011, Arlington County, Virginia",1542,176,232,0.885862516,0.849546044,0.114137484,0.150453956,0,0.114137484,0,0.036316472,1542,27,0.017509728,84857,NA,NA,NA,NA,NA,NA,NA,NA,"Block Group 3, Census Tract 1011, Arlington County, Virginia",0.052529183,0.15693904
5.10131E+11,"Block Group 4, Census Tract 1011, Arlington County, Virginia",1251,279,301,0.776978417,0.759392486,0.223021583,0.240607514,0.043964828,0.079136691,0,0.03197442,1251,49,0.039168665,94031,NA,NA,NA,NA,NA,NA,NA,NA,"Block Group 4, Census Tract 1011, Arlington County, Virginia",0.258992806,0.035971223
5.10131E+11,"Block Group 5, Census Tract 1011, Arlington County, Virginia",935,126,126,0.865240642,0.865240642,0.134759358,0.134759358,0,0,0,0.051336898,935,42,0.044919786,62790,NA,NA,NA,NA,NA,NA,NA,NA,"Block Group 5, Census Tract 1011, Arlington County, Virginia",0.173262032,0.132620321
5.10131E+11,"Block Group 1, Census Tract 1012, Arlington County, Virginia",2193,462,840,0.789329685,0.616963064,0.210670315,0.383036936,0.02872777,0.062015504,0,0.253989968,2007,222,0.110612855,43257,NA,NA,NA,NA,NA,NA,NA,NA,"Block Group 1, Census Tract 1012, Arlington County, Virginia",0.08253534,0.198814409
5.10131E+11,"Block Group 2, Census Tract 1012, Arlington County, Virginia",873,55,55,0.936998855,0.936998855,0.063001145,0.063001145,0,0.051546392,0,0,873,0,0,71229,NA,NA,NA,NA,NA,NA,NA,NA,"Block Group 2, Census Tract 1012, Arlington County, Virginia",0.030927835,0.142038946
5.10131E+11,"Block Group 3, Census Tract 1012, Arlington County, Virginia",875,173,254,0.802285714,0.709714286,0.197714286,0.290285714,0.010285714,0.033142857,0,0.168,875,0,0,62483,NA,NA,NA,NA,NA,NA,NA,NA,"Block Group 3, Census Tract 1012, Arlington County, Virginia",0.029714286,0.067428571
5.10131E+11,"Block Group 1, Census Tract 1013, Arlington County, Virginia",1483,566,860,0.6183412,0.420094403,0.3816588,0.579905597,0.031018206,0.162508429,0,0.214430209,1483,89,0.060013486,56953,NA,NA,NA,NA,NA,NA,NA,NA,"Block Group 1, Census Tract 1013, Arlington County, Virginia",0.169925826,0.153742414
5.10131E+11,"Block Group 2, Census Tract 1013, Arlington County, Virginia",1212,497,525,0.589933993,0.566831683,0.410066007,0.433168317,0.055280528,0.070132013,0,0.307755776,1212,67,0.055280528,51496,NA,NA,NA,NA,NA,NA,NA,NA,"Block Group 2, Census Tract 1013, Arlington County, Virginia",0.054455446,0.180693069
5.10131E+11,"Block Group 3, Census Tract 1013, Arlington County, Virginia",857,106,145,0.876312719,0.830805134,0.123687281,0.169194866,0,0.016336056,0.023337223,0.089848308,857,0,0,71398,NA,NA,NA,NA,NA,NA,NA,NA,"Block Group 3, Census Tract 1013, Arlington County, Virginia",0.028004667,0.018669778
5.10131E+11,"Block Group 4, Census Tract 1013, Arlington County, Virginia",1384,204,404,0.852601156,0.708092486,0.147398844,0.291907514,0.030346821,0.075144509,0,0.144508671,1384,55,0.039739884,64896,NA,NA,NA,NA,NA,NA,NA,NA,"Block Group 4, Census Tract 1013, Arlington County, Virginia",0.329479769,0.091763006
5.10131E+11,"Block Group 5, Census Tract 1013, Arlington County, Virginia",1472,140,317,0.904891304,0.784646739,0.095108696,0.215353261,0,0.042119565,0,0.135869565,1472,95,0.064538043,74458,NA,NA,NA,NA,NA,NA,NA,NA,"Block Group 5, Census Tract 1013, Arlington County, Virginia",0.246603261,0.122961957
5.10131E+11,"Block Group 6, Census Tract 1013, Arlington County, Virginia",1362,380,398,0.720998532,0.707782673,0.279001468,0.292217327,0,0.074155653,0,0.159324523,1362,0,0,60488,NA,NA,NA,NA,NA,NA,NA,NA,"Block Group 6, Census Tract 1013, Arlington County, Virginia",0.082966226,0.086637298
5.10131E+11,"Block Group 1, Census Tract 1014.01, Arlington County, Virginia",1486,439,499,0.704576043,0.664199192,0.295423957,0.335800808,0.092866756,0.14064603,0,0.062584118,1486,105,0.070659489,63981,NA,NA,NA,NA,NA,NA,NA,NA,"Block Group 1, Census Tract 1014.01, Arlington County, Virginia",0.454239569,0.033647376
5.10131E+11,"Block Group 1, Census Tract 1014.02, Arlington County, Virginia",609,197,260,0.676518883,0.573070608,0.323481117,0.426929392,0.100164204,0.192118227,0,0.103448276,609,45,0.073891626,73955,NA,NA,NA,NA,NA,NA,NA,NA,"Block Group 1, Census Tract 1014.02, Arlington County, Virginia",0.213464696,0.114942529
5.10131E+11,"Block Group 2, Census Tract 1014.02, Arlington County, Virginia",912,155,223,0.83004386,0.755482456,0.16995614,0.244517544,0.046052632,0.100877193,0,0.074561404,902,84,0.093126386,88359,NA,NA,NA,NA,NA,NA,NA,NA,"Block Group 2, Census Tract 1014.02, Arlington County, Virginia",0.478070175,0.07127193
5.10131E+11,"Block Group 3, Census Tract 1014.02, Arlington County, Virginia",1168,373,420,0.680650685,0.640410959,0.319349315,0.359589041,0.006849315,0.231164384,0,0.040239726,1168,63,0.053938356,87590,NA,NA,NA,NA,NA,NA,NA,NA,"Block Group 3, Census Tract 1014.02, Arlington County, Virginia",0.304794521,0.083047945
5.10131E+11,"Block Group 1, Census Tract 1014.03, Arlington County, Virginia",1517,355,431,0.765985498,0.715886618,0.234014502,0.284113382,0.058668425,0.119314436,0,0.086354647,1490,44,0.029530201,90433,NA,NA,NA,NA,NA,NA,NA,NA,"Block Group 1, Census Tract 1014.03, Arlington County, Virginia",0.377719183,0.221489782
5.10131E+11,"Block Group 2, Census Tract 1014.03, Arlington County, Virginia",283,81,99,0.713780919,0.650176678,0.286219081,0.349823322,0,0.233215548,0,0.06360424,283,18,0.06360424,65622,NA,NA,NA,NA,NA,NA,NA,NA,"Block Group 2, Census Tract 1014.03, Arlington County, Virginia",0.233215548,0.265017668
5.10131E+11,"Block Group 3, Census Tract 1014.03, Arlington County, Virginia",1625,377,449,0.768,0.723692308,0.232,0.276307692,0.070153846,0.061538462,0,0.145846154,1625,129,0.079384615,72194,NA,NA,NA,NA,NA,NA,NA,NA,"Block Group 3, Census Tract 1014.03, Arlington County, Virginia",0.583384615,0.009230769
5.10131E+11,"Block Group 4, Census Tract 1014.03, Arlington County, Virginia",2385,642,716,0.73081761,0.699790356,0.26918239,0.300209644,0.046121593,0.176100629,0,0.074633124,2385,104,0.04360587,85361,NA,NA,NA,NA,NA,NA,NA,NA,"Block Group 4, Census Tract 1014.03, Arlington County, Virginia",0.379454927,0.048637317
5.10131E+11,"Block Group 1, Census Tract 1014.04, Arlington County, Virginia",5433,1562,1965,0.712497699,0.638321369,0.287502301,0.361678631,0.033683048,0.199705503,0.003865268,0.077489417,5433,402,0.073992269,80859,NA,NA,NA,NA,NA,NA,NA,NA,"Block Group 1, Census Tract 1014.04, Arlington County, Virginia",0.357261182,0.117430517
5.10131E+11,"Block Group 1, Census Tract 1015, Arlington County, Virginia",1942,394,632,0.797116375,0.674562307,0.202883625,0.325437693,0.03038105,0.140576725,0,0.122554068,1942,260,0.133882595,60284,NA,NA,NA,NA,NA,NA,NA,NA,"Block Group 1, Census Tract 1015, Arlington County, Virginia",0.295056643,0.108135942
5.10131E+11,"Block Group 2, Census Tract 1015, Arlington County, Virginia",1212,297,383,0.754950495,0.683993399,0.245049505,0.316006601,0,0.136138614,0,0.091584158,1212,38,0.031353135,105600,NA,NA,NA,NA,NA,NA,NA,NA,"Block Group 2, Census Tract 1015, Arlington County, Virginia",0.114686469,0.018976898
5.10131E+11,"Block Group 3, Census Tract 1015, Arlington County, Virginia",1186,216,218,0.817875211,0.81618887,0.182124789,0.18381113,0.036256324,0.08010118,0,0.001686341,1186,44,0.037099494,132188,NA,NA,NA,NA,NA,NA,NA,NA,"Block Group 3, Census Tract 1015, Arlington County, Virginia",0.220910624,0.190556492
5.10131E+11,"Block Group 4, Census Tract 1015, Arlington County, Virginia",964,42,125,0.956431535,0.87033195,0.043568465,0.12966805,0.018672199,0,0,0.110995851,964,29,0.030082988,96501,NA,NA,NA,NA,NA,NA,NA,NA,"Block Group 4, Census Tract 1015, Arlington County, Virginia",0.351659751,0.029045643
5.10131E+11,"Block Group 5, Census Tract 1015, Arlington County, Virginia",780,41,41,0.947435897,0.947435897,0.052564103,0.052564103,0.032051282,0,0,0,780,16,0.020512821,98391,NA,NA,NA,NA,NA,NA,NA,NA,"Block Group 5, Census Tract 1015, Arlington County, Virginia",0.098717949,0.173076923
5.10131E+11,"Block Group 6, Census Tract 1015, Arlington County, Virginia",1299,292,477,0.775211701,0.632794457,0.224788299,0.367205543,0.110854503,0.061585835,0,0.157813703,1299,71,0.054657429,53843,NA,NA,NA,NA,NA,NA,NA,NA,"Block Group 6, Census Tract 1015, Arlington County, Virginia",0.411855273,0.103156274
5.10131E+11,"Block Group 1, Census Tract 1016.01, Arlington County, Virginia",927,152,233,0.836030205,0.748651564,0.163969795,0.251348436,0.007551241,0.085221143,0,0.137001079,927,91,0.098166127,101902,NA,NA,NA,NA,NA,NA,NA,NA,"Block Group 1, Census Tract 1016.01, Arlington County, Virginia",0.411003236,0.090614887
5.10131E+11,"Block Group 2, Census Tract 1016.01, Arlington County, Virginia",544,106,127,0.805147059,0.766544118,0.194852941,0.233455882,0,0.095588235,0.018382353,0.071691176,544,39,0.071691176,96655,NA,NA,NA,NA,NA,NA,NA,NA,"Block Group 2, Census Tract 1016.01, Arlington County, Virginia",0.345588235,0.084558824
5.10131E+11,"Block Group 1, Census Tract 1016.02, Arlington County, Virginia",973,250,282,0.743062693,0.710174717,0.256937307,0.289825283,0.109969168,0.051387461,0,0.073997945,973,79,0.081192189,67019,NA,NA,NA,NA,NA,NA,NA,NA,"Block Group 1, Census Tract 1016.02, Arlington County, Virginia",0.290853032,0.087358684
5.10131E+11,"Block Group 2, Census Tract 1016.02, Arlington County, Virginia",698,169,237,0.757879656,0.660458453,0.242120344,0.339541547,0.055873926,0.163323782,0,0.12034384,698,35,0.050143266,58601,NA,NA,NA,NA,NA,NA,NA,NA,"Block Group 2, Census Tract 1016.02, Arlington County, Virginia",0.362464183,0.011461318
5.10131E+11,"Block Group 1, Census Tract 1016.03, Arlington County, Virginia",762,247,323,0.675853018,0.576115486,0.324146982,0.423884514,0.06824147,0.230971129,0,0.099737533,762,64,0.083989501,59509,NA,NA,NA,NA,NA,NA,NA,NA,"Block Group 1, Census Tract 1016.03, Arlington County, Virginia",0.456692913,0.019685039
5.10131E+11,"Block Group 2, Census Tract 1016.03, Arlington County, Virginia",2234,544,646,0.7564906,0.710832587,0.2435094,0.289167413,0.043419875,0.185317816,0,0.045658013,2234,90,0.040286482,99357,NA,NA,NA,NA,NA,NA,NA,NA,"Block Group 2, Census Tract 1016.03, Arlington County, Virginia",0.279319606,0.084153984
5.10131E+11,"Block Group 3, Census Tract 1016.03, Arlington County, Virginia",755,155,264,0.794701987,0.650331126,0.205298013,0.349668874,0.017218543,0.042384106,0,0.210596026,755,33,0.043708609,211979,NA,NA,NA,NA,NA,NA,NA,NA,"Block Group 3, Census Tract 1016.03, Arlington County, Virginia",0.197350993,0.198675497
5.10131E+11,"Block Group 1, Census Tract 1017.01, Arlington County, Virginia",725,228,285,0.685517241,0.606896552,0.314482759,0.393103448,0.097931034,0.088275862,0,0.228965517,725,128,0.176551724,47976,NA,NA,NA,NA,NA,NA,NA,NA,"Block Group 1, Census Tract 1017.01, Arlington County, Virginia",0.347586207,0
5.10131E+11,"Block Group 2, Census Tract 1017.01, Arlington County, Virginia",1510,168,447,0.888741722,0.70397351,0.111258278,0.29602649,0.039072848,0.059602649,0,0.191390728,1510,212,0.140397351,64092,NA,NA,NA,NA,NA,NA,NA,NA,"Block Group 2, Census Tract 1017.01, Arlington County, Virginia",0.638410596,0
5.10131E+11,"Block Group 3, Census Tract 1017.01, Arlington County, Virginia",775,345,469,0.55483871,0.39483871,0.44516129,0.60516129,0.349677419,0.082580645,0,0.185806452,328,0,0,82309,NA,NA,NA,NA,NA,NA,NA,NA,"Block Group 3, Census Tract 1017.01, Arlington County, Virginia",0.375483871,0
5.10131E+11,"Block Group 4, Census Tract 1017.01, Arlington County, Virginia",1387,351,369,0.746935833,0.733958183,0.253064167,0.266041817,0.012256669,0.143475126,0,0.058399423,1387,54,0.038932949,116271,NA,NA,NA,NA,NA,NA,NA,NA,"Block Group 4, Census Tract 1017.01, Arlington County, Virginia",0.424657534,0.025234319
5.10131E+11,"Block Group 1, Census Tract 1017.02, Arlington County, Virginia",1781,792,925,0.555306008,0.48062886,0.444693992,0.51937114,0.011791129,0.321729366,0,0.074677148,1781,216,0.12128018,56966,NA,NA,NA,NA,NA,NA,NA,NA,"Block Group 1, Census Tract 1017.02, Arlington County, Virginia",0.331274565,0.076361595
5.10131E+11,"Block Group 2, Census Tract 1017.02, Arlington County, Virginia",2113,585,972,0.723142451,0.539990535,0.276857549,0.460009465,0.05584477,0.17274018,0,0.225745386,2103,134,0.063718497,81407,NA,NA,NA,NA,NA,NA,NA,NA,"Block Group 2, Census Tract 1017.02, Arlington County, Virginia",0.305726455,0.109796498
5.10131E+11,"Block Group 3, Census Tract 1017.02, Arlington County, Virginia",1279,387,441,0.697419859,0.655199375,0.302580141,0.344800625,0.053948397,0.228303362,0,0.042220485,1279,30,0.023455825,101195,NA,NA,NA,NA,NA,NA,NA,NA,"Block Group 3, Census Tract 1017.02, Arlington County, Virginia",0.204065676,0
5.10131E+11,"Block Group 1, Census Tract 1017.03, Arlington County, Virginia",997,308,341,0.69107322,0.657973922,0.30892678,0.342026078,0.153460381,0.155466399,0,0.033099298,997,78,0.078234704,79055,NA,NA,NA,NA,NA,NA,NA,NA,"Block Group 1, Census Tract 1017.03, Arlington County, Virginia",0.249749248,0.035105316
5.10131E+11,"Block Group 2, Census Tract 1017.03, Arlington County, Virginia",1211,124,195,0.897605285,0.838976053,0.102394715,0.161023947,0.036333609,0.047894302,0,0.058629232,1211,135,0.111478117,123360,NA,NA,NA,NA,NA,NA,NA,NA,"Block Group 2, Census Tract 1017.03, Arlington County, Virginia",0.186622626,0.170933113
5.10131E+11,"Block Group 1, Census Tract 1018.01, Arlington County, Virginia",3366,791,980,0.765002971,0.708853238,0.234997029,0.291146762,0.024658348,0.156862745,0.003565062,0.058526441,3366,55,0.016339869,104029,NA,NA,NA,NA,NA,NA,NA,NA,"Block Group 1, Census Tract 1018.01, Arlington County, Virginia",0.234105764,0.036541889
5.10131E+11,"Block Group 1, Census Tract 1018.02, Arlington County, Virginia",1318,358,445,0.728376328,0.662367223,0.271623672,0.337632777,0.076631259,0.132018209,0,0.079666161,1318,114,0.086494689,82206,NA,NA,NA,NA,NA,NA,NA,NA,"Block Group 1, Census Tract 1018.02, Arlington County, Virginia",0.301213961,0.035660091
5.10131E+11,"Block Group 2, Census Tract 1018.02, Arlington County, Virginia",1742,448,606,0.74282434,0.652123995,0.25717566,0.347876005,0.032146958,0.118254879,0,0.233065442,1742,70,0.040183697,96703,NA,NA,NA,NA,NA,NA,NA,NA,"Block Group 2, Census Tract 1018.02, Arlington County, Virginia",0.398966705,0.024110218
5.10131E+11,"Block Group 3, Census Tract 1018.02, Arlington County, Virginia",1110,144,166,0.87027027,0.85045045,0.12972973,0.14954955,0.054054054,0.015315315,0.022522523,0.063063063,1110,15,0.013513514,84988,NA,NA,NA,NA,NA,NA,NA,NA,"Block Group 3, Census Tract 1018.02, Arlington County, Virginia",0.26036036,0.016216216
5.10131E+11,"Block Group 4, Census Tract 1018.02, Arlington County, Virginia",1407,392,833,0.721393035,0.407960199,0.278606965,0.592039801,0.029140014,0.125088842,0,0.366027008,1407,137,0.097370291,31493,NA,NA,NA,NA,NA,NA,NA,NA,"Block Group 4, Census Tract 1018.02, Arlington County, Virginia",0.163468372,0.075337598
5.10131E+11,"Block Group 5, Census Tract 1018.02, Arlington County, Virginia",1132,120,287,0.893992933,0.746466431,0.106007067,0.253533569,0,0.065371025,0,0.16254417,1132,35,0.030918728,73758,NA,NA,NA,NA,NA,NA,NA,NA,"Block Group 5, Census Tract 1018.02, Arlington County, Virginia",0.519434629,0.026501767
5.10131E+11,"Block Group 1, Census Tract 1018.03, Arlington County, Virginia",724,70,70,0.903314917,0.903314917,0.096685083,0.096685083,0.067679558,0.029005525,0,0.034530387,724,0,0,94589,NA,NA,NA,NA,NA,NA,NA,NA,"Block Group 1, Census Tract 1018.03, Arlington County, Virginia",0.248618785,0.022099448
5.10131E+11,"Block Group 2, Census Tract 1018.03, Arlington County, Virginia",1199,266,329,0.778148457,0.725604671,0.221851543,0.274395329,0.07589658,0.022518766,0,0.063386155,1199,58,0.048373645,67182,NA,NA,NA,NA,NA,NA,NA,NA,"Block Group 2, Census Tract 1018.03, Arlington County, Virginia",0.595496247,0.027522936
5.10131E+11,"Block Group 3, Census Tract 1018.03, Arlington County, Virginia",1115,652,703,0.415246637,0.369506726,0.584753363,0.630493274,0.048430493,0.269955157,0,0.312107623,1115,62,0.055605381,33728,NA,NA,NA,NA,NA,NA,NA,NA,"Block Group 3, Census Tract 1018.03, Arlington County, Virginia",0.278923767,0.097757848
5.10131E+11,"Block Group 4, Census Tract 1018.03, Arlington County, Virginia",1639,167,360,0.898108603,0.780353874,0.101891397,0.219646126,0,0.025015253,0,0.12690665,1639,23,0.014032947,77991,NA,NA,NA,NA,NA,NA,NA,NA,"Block Group 4, Census Tract 1018.03, Arlington County, Virginia",0.124466138,0.093959732
5.10131E+11,"Block Group 1, Census Tract 1019, Arlington County, Virginia",1051,249,262,0.763082778,0.750713606,0.236917222,0.249286394,0.04567079,0.048525214,0,0.099904853,1017,64,0.062930187,70272,NA,NA,NA,NA,NA,NA,NA,NA,"Block Group 1, Census Tract 1019, Arlington County, Virginia",0.309229305,0.078972407
5.10131E+11,"Block Group 2, Census Tract 1019, Arlington County, Virginia",1318,43,51,0.96737481,0.961305008,0.03262519,0.038694992,0,0.025037936,0,0.006069803,1318,29,0.022003035,88163,NA,NA,NA,NA,NA,NA,NA,NA,"Block Group 2, Census Tract 1019, Arlington County, Virginia",0.147951442,0.201062215
5.10131E+11,"Block Group 3, Census Tract 1019, Arlington County, Virginia",873,48,48,0.945017182,0.945017182,0.054982818,0.054982818,0,0.028636884,0,0,873,28,0.03207331,79929,NA,NA,NA,NA,NA,NA,NA,NA,"Block Group 3, Census Tract 1019, Arlington County, Virginia",0.373424971,0.071019473
5.10131E+11,"Block Group 1, Census Tract 1020.01, Arlington County, Virginia",1847,1076,1148,0.417433676,0.378451543,0.582566324,0.621548457,0.050893341,0.1169464,0,0.425013535,1847,128,0.06930157,49769,NA,NA,NA,NA,NA,NA,NA,NA,"Block Group 1, Census Tract 1020.01, Arlington County, Virginia",0.257715214,0.022198159
5.10131E+11,"Block Group 2, Census Tract 1020.01, Arlington County, Virginia",1232,412,542,0.665584416,0.560064935,0.334415584,0.439935065,0.081168831,0.086038961,0,0.230519481,1232,322,0.261363636,54390,NA,NA,NA,NA,NA,NA,NA,NA,"Block Group 2, Census Tract 1020.01, Arlington County, Virginia",0.225649351,0.277597403
5.10131E+11,"Block Group 1, Census Tract 1020.02, Arlington County, Virginia",1318,429,538,0.674506829,0.591805766,0.325493171,0.408194234,0.075113809,0.208649469,0,0.103945372,1315,92,0.069961977,53363,NA,NA,NA,NA,NA,NA,NA,NA,"Block Group 1, Census Tract 1020.02, Arlington County, Virginia",0.365705615,0.031107739
5.10131E+11,"Block Group 1, Census Tract 1020.03, Arlington County, Virginia",1936,919,1200,0.525309917,0.380165289,0.474690083,0.619834711,0.189566116,0.105371901,0,0.340909091,1936,329,0.169938017,44411,NA,NA,NA,NA,NA,NA,NA,NA,"Block Group 1, Census Tract 1020.03, Arlington County, Virginia",0.20661157,0.304235537
5.10131E+11,"Block Group 2, Census Tract 1020.03, Arlington County, Virginia",1519,592,975,0.610269914,0.358130349,0.389730086,0.641869651,0.102040816,0.035549704,0,0.504279131,1519,136,0.089532587,36753,NA,NA,NA,NA,NA,NA,NA,NA,"Block Group 2, Census Tract 1020.03, Arlington County, Virginia",0.228439763,0.089532587
5.10131E+11,"Block Group 3, Census Tract 1020.03, Arlington County, Virginia",647,150,199,0.768160742,0.692426584,0.231839258,0.307573416,0.061823802,0.100463679,0,0.075734158,647,124,0.191653787,55438,NA,NA,NA,NA,NA,NA,NA,NA,"Block Group 3, Census Tract 1020.03, Arlington County, Virginia",0.217928903,0.126738794
5.10131E+11,"Block Group 1, Census Tract 1021, Arlington County, Virginia",792,384,463,0.515151515,0.41540404,0.484848485,0.58459596,0.140151515,0.247474747,0.027777778,0.099747475,665,224,0.336842105,39237,NA,NA,NA,NA,NA,NA,NA,NA,"Block Group 1, Census Tract 1021, Arlington County, Virginia",0.037878788,0.532828283
5.10131E+11,"Block Group 2, Census Tract 1021, Arlington County, Virginia",1609,350,418,0.782473586,0.740211311,0.217526414,0.259788689,0.016159105,0.107520199,0.003729024,0.085767557,1609,83,0.051584835,62799,NA,NA,NA,NA,NA,NA,NA,NA,"Block Group 2, Census Tract 1021, Arlington County, Virginia",0.114978247,0.133623369
5.10131E+11,"Block Group 1, Census Tract 1022, Arlington County, Virginia",1111,315,777,0.716471647,0.300630063,0.283528353,0.699369937,0.114311431,0.094509451,0,0.438343834,1066,96,0.090056285,30259,NA,NA,NA,NA,NA,NA,NA,NA,"Block Group 1, Census Tract 1022, Arlington County, Virginia",0.104410441,0.225022502
5.10131E+11,"Block Group 2, Census Tract 1022, Arlington County, Virginia",1271,599,1177,0.528717545,0.073957514,0.471282455,0.926042486,0.343823761,0.059795437,0.067663257,0.528717545,1271,267,0.21007081,22327,NA,NA,NA,NA,NA,NA,NA,NA,"Block Group 2, Census Tract 1022, Arlington County, Virginia",0.088119591,0.050354052
5.10131E+11,"Block Group 3, Census Tract 1022, Arlington County, Virginia",1205,601,840,0.501244813,0.302904564,0.498755187,0.697095436,0.42406639,0.010788382,0,0.262240664,1205,386,0.32033195,33298,NA,NA,NA,NA,NA,NA,NA,NA,"Block Group 3, Census Tract 1022, Arlington County, Virginia",0.101244813,0.076348548
5.10131E+11,"Block Group 4, Census Tract 1022, Arlington County, Virginia",1784,1463,1619,0.179932735,0.092488789,0.820067265,0.907511211,0.416479821,0.190022422,0,0.244394619,1784,91,0.051008969,28522,NA,NA,NA,NA,NA,NA,NA,NA,"Block Group 4, Census Tract 1022, Arlington County, Virginia",0.16367713,0.048206278
5.10131E+11,"Block Group 5, Census Tract 1022, Arlington County, Virginia",3044,1846,2722,0.393561104,0.105781866,0.606438896,0.894218134,0.23653088,0.055847569,0.016425756,0.546649146,3008,542,0.18018617,19020,NA,NA,NA,NA,NA,NA,NA,NA,"Block Group 5, Census Tract 1022, Arlington County, Virginia",0.146846255,0.062089356
5.10131E+11,"Block Group 1, Census Tract 1023.01, Arlington County, Virginia",940,150,246,0.840425532,0.738297872,0.159574468,0.261702128,0.055319149,0.030851064,0,0.134042553,932,28,0.030042918,68551,NA,NA,NA,NA,NA,NA,NA,NA,"Block Group 1, Census Tract 1023.01, Arlington County, Virginia",0.088297872,0.156382979
5.10131E+11,"Block Group 2, Census Tract 1023.01, Arlington County, Virginia",538,125,162,0.767657993,0.698884758,0.232342007,0.301115242,0.048327138,0.152416357,0,0.068773234,538,8,0.014869888,77437,NA,NA,NA,NA,NA,NA,NA,NA,"Block Group 2, Census Tract 1023.01, Arlington County, Virginia",0.208178439,0.026022305
5.10131E+11,"Block Group 1, Census Tract 1023.02, Arlington County, Virginia",603,189,334,0.686567164,0.446102819,0.313432836,0.553897181,0.014925373,0.127694859,0,0.35655058,603,28,0.046434494,44485,NA,NA,NA,NA,NA,NA,NA,NA,"Block Group 1, Census Tract 1023.02, Arlington County, Virginia",0.190713101,0.094527363
5.10131E+11,"Block Group 2, Census Tract 1023.02, Arlington County, Virginia",1191,604,823,0.49286314,0.308984047,0.50713686,0.691015953,0,0.057094878,0,0.633921075,1191,315,0.264483627,26648,NA,NA,NA,NA,NA,NA,NA,NA,"Block Group 2, Census Tract 1023.02, Arlington County, Virginia",0.019311503,0.103274559
5.10131E+11,"Block Group 3, Census Tract 1023.02, Arlington County, Virginia",1130,392,561,0.653097345,0.503539823,0.346902655,0.496460177,0.215044248,0.075221239,0,0.163716814,1130,8,0.007079646,51731,NA,NA,NA,NA,NA,NA,NA,NA,"Block Group 3, Census Tract 1023.02, Arlington County, Virginia",0.136283186,0.062831858
5.10131E+11,"Block Group 4, Census Tract 1023.02, Arlington County, Virginia",1404,373,534,0.734330484,0.61965812,0.265669516,0.38034188,0.063390313,0.067663818,0.016381766,0.201566952,1404,66,0.047008547,75778,NA,NA,NA,NA,NA,NA,NA,NA,"Block Group 4, Census Tract 1023.02, Arlington County, Virginia",0.102564103,0.061965812
5.10131E+11,"Block Group 1, Census Tract 1024, Arlington County, Virginia",854,343,360,0.598360656,0.578454333,0.401639344,0.421545667,0.281030445,0.055035129,0,0.066744731,854,49,0.057377049,49874,NA,NA,NA,NA,NA,NA,NA,NA,"Block Group 1, Census Tract 1024, Arlington County, Virginia",0.163934426,0.06440281
5.10131E+11,"Block Group 2, Census Tract 1024, Arlington County, Virginia",995,240,471,0.75879397,0.526633166,0.24120603,0.473366834,0.077386935,0.036180905,0,0.353768844,995,93,0.093467337,47692,NA,NA,NA,NA,NA,NA,NA,NA,"Block Group 2, Census Tract 1024, Arlington County, Virginia",0.137688442,0.142713568
5.10131E+11,"Block Group 3, Census Tract 1024, Arlington County, Virginia",949,204,229,0.785036881,0.758693361,0.214963119,0.241306639,0.029504742,0.085353003,0,0.10748156,949,55,0.057955743,57939,NA,NA,NA,NA,NA,NA,NA,NA,"Block Group 3, Census Tract 1024, Arlington County, Virginia",0.127502634,0.115911486
5.10131E+11,"Block Group 4, Census Tract 1024, Arlington County, Virginia",483,91,91,0.811594203,0.811594203,0.188405797,0.188405797,0.128364389,0.039337474,0,0.020703934,483,10,0.020703934,100399,NA,NA,NA,NA,NA,NA,NA,NA,"Block Group 4, Census Tract 1024, Arlington County, Virginia",0.118012422,0.132505176
5.10131E+11,"Block Group 1, Census Tract 1025, Arlington County, Virginia",2186,665,1211,0.6957914,0.446020128,0.3042086,0.553979872,0.160567246,0.087374199,0,0.260292772,2186,47,0.021500457,53798,NA,NA,NA,NA,NA,NA,NA,NA,"Block Group 1, Census Tract 1025, Arlington County, Virginia",0.365507777,0.097438243
5.10131E+11,"Block Group 2, Census Tract 1025, Arlington County, Virginia",2198,650,867,0.704276615,0.6055505,0.295723385,0.3944495,0.181073703,0.091901729,0,0.121474067,2198,117,0.053230209,66220,NA,NA,NA,NA,NA,NA,NA,NA,"Block Group 2, Census Tract 1025, Arlington County, Virginia",0.156960874,0.065514104
5.10131E+11,"Block Group 3, Census Tract 1025, Arlington County, Virginia",1060,141,426,0.866981132,0.598113208,0.133018868,0.401886792,0.054716981,0.044339623,0,0.285849057,1060,10,0.009433962,65390,NA,NA,NA,NA,NA,NA,NA,NA,"Block Group 3, Census Tract 1025, Arlington County, Virginia",0.166037736,0.066037736
5.10131E+11,"Block Group 1, Census Tract 1026, Arlington County, Virginia",2414,845,1340,0.649958575,0.444904722,0.350041425,0.555095278,0.157000829,0.049710025,0,0.33968517,2414,104,0.043082022,46029,NA,NA,NA,NA,NA,NA,NA,NA,"Block Group 1, Census Tract 1026, Arlington County, Virginia",0.167357084,0.057580779
5.10131E+11,"Block Group 2, Census Tract 1026, Arlington County, Virginia",1195,430,675,0.640167364,0.435146444,0.359832636,0.564853556,0.008368201,0.283682008,0.005020921,0.205020921,1195,24,0.020083682,52510,NA,NA,NA,NA,NA,NA,NA,NA,"Block Group 2, Census Tract 1026, Arlington County, Virginia",0.132217573,0.112133891
5.10131E+11,"Block Group 1, Census Tract 1027.01, Arlington County, Virginia",3352,2519,3027,0.248508353,0.096957041,0.751491647,0.903042959,0.331443914,0.21778043,0.004176611,0.372016706,3324,534,0.160649819,27214,NA,NA,NA,NA,NA,NA,NA,NA,"Block Group 1, Census Tract 1027.01, Arlington County, Virginia",0.210620525,0.065930788
5.10131E+11,"Block Group 2, Census Tract 1027.01, Arlington County, Virginia",670,349,392,0.479104478,0.414925373,0.520895522,0.585074627,0.189552239,0.076119403,0.074626866,0.244776119,670,96,0.143283582,30007,NA,NA,NA,NA,NA,NA,NA,NA,"Block Group 2, Census Tract 1027.01, Arlington County, Virginia",0.16119403,0.094029851
5.10131E+11,"Block Group 1, Census Tract 1027.02, Arlington County, Virginia",1439,538,719,0.626129256,0.500347464,0.373870744,0.499652536,0.047255038,0.076441974,0.004864489,0.361362057,1439,14,0.009728978,61549,NA,NA,NA,NA,NA,NA,NA,NA,"Block Group 1, Census Tract 1027.02, Arlington County, Virginia",0.263377345,0.027102154
5.10131E+11,"Block Group 2, Census Tract 1027.02, Arlington County, Virginia",817,335,621,0.58996328,0.239902081,0.41003672,0.760097919,0.044063647,0.145654835,0,0.570379437,792,84,0.106060606,24556,NA,NA,NA,NA,NA,NA,NA,NA,"Block Group 2, Census Tract 1027.02, Arlington County, Virginia",0.128518972,0.024479804
5.10131E+11,"Block Group 1, Census Tract 1028.01, Arlington County, Virginia",3006,1661,2114,0.447438456,0.296739854,0.552561544,0.703260146,0.19926813,0.091483699,0,0.407850965,3006,499,0.166001331,44249,NA,NA,NA,NA,NA,NA,NA,NA,"Block Group 1, Census Tract 1028.01, Arlington County, Virginia",0.248502994,0.095808383
5.10131E+11,"Block Group 2, Census Tract 1028.01, Arlington County, Virginia",1363,807,1159,0.407923698,0.149669846,0.592076302,0.850330154,0.101980924,0.363903155,0,0.340425532,1363,28,0.02054292,37139,NA,NA,NA,NA,NA,NA,NA,NA,"Block Group 2, Census Tract 1028.01, Arlington County, Virginia",0.245047689,0.03081438
5.10131E+11,"Block Group 3, Census Tract 1028.01, Arlington County, Virginia",1316,579,1040,0.560030395,0.209726444,0.439969605,0.790273556,0.039513678,0.110942249,0,0.614741641,1316,3,0.002279635,50291,NA,NA,NA,NA,NA,NA,NA,NA,"Block Group 3, Census Tract 1028.01, Arlington County, Virginia",0.095744681,0.065349544
5.10131E+11,"Block Group 4, Census Tract 1028.01, Arlington County, Virginia",732,268,314,0.633879781,0.571038251,0.366120219,0.428961749,0.06010929,0.204918033,0,0.195355191,732,50,0.068306011,45608,NA,NA,NA,NA,NA,NA,NA,NA,"Block Group 4, Census Tract 1028.01, Arlington County, Virginia",0.142076503,0.079234973
5.10131E+11,"Block Group 5, Census Tract 1028.01, Arlington County, Virginia",1454,700,1034,0.518569464,0.288858322,0.481430536,0.711141678,0.235213205,0.193259972,0,0.291609354,1440,124,0.086111111,53561,NA,NA,NA,NA,NA,NA,NA,NA,"Block Group 5, Census Tract 1028.01, Arlington County, Virginia",0.141678129,0.126547455
5.10131E+11,"Block Group 6, Census Tract 1028.01, Arlington County, Virginia",943,395,492,0.581124072,0.47826087,0.418875928,0.52173913,0.095440085,0.05514316,0,0.294803818,943,81,0.085896076,25662,NA,NA,NA,NA,NA,NA,NA,NA,"Block Group 6, Census Tract 1028.01, Arlington County, Virginia",0.275715801,0.107104984
5.10131E+11,"Block Group 1, Census Tract 1028.02, Arlington County, Virginia",664,43,159,0.935240964,0.760542169,0.064759036,0.239457831,0.009036145,0.02560241,0,0.19126506,664,32,0.048192771,61997,NA,NA,NA,NA,NA,NA,NA,NA,"Block Group 1, Census Tract 1028.02, Arlington County, Virginia",0.090361446,0.093373494
5.10131E+11,"Block Group 2, Census Tract 1028.02, Arlington County, Virginia",750,85,256,0.886666667,0.658666667,0.113333333,0.341333333,0.038666667,0.033333333,0,0.228,750,10,0.013333333,58270,NA,NA,NA,NA,NA,NA,NA,NA,"Block Group 2, Census Tract 1028.02, Arlington County, Virginia",0.049333333,0.133333333
5.10131E+11,"Block Group 1, Census Tract 1029.01, Arlington County, Virginia",1004,89,171,0.911354582,0.829681275,0.088645418,0.170318725,0.078685259,0.009960159,0,0.106573705,1004,33,0.032868526,72172,NA,NA,NA,NA,NA,NA,NA,NA,"Block Group 1, Census Tract 1029.01, Arlington County, Virginia",0.135458167,0.074701195
5.10131E+11,"Block Group 2, Census Tract 1029.01, Arlington County, Virginia",933,182,251,0.804930332,0.730975348,0.195069668,0.269024652,0.106109325,0.02357985,0,0.131832797,933,0,0,81994,NA,NA,NA,NA,NA,NA,NA,NA,"Block Group 2, Census Tract 1029.01, Arlington County, Virginia",0.143622722,0.097534834
5.10131E+11,"Block Group 3, Census Tract 1029.01, Arlington County, Virginia",933,42,79,0.954983923,0.915326902,0.045016077,0.084673098,0,0.02357985,0,0.03965702,933,19,0.020364416,68992,NA,NA,NA,NA,NA,NA,NA,NA,"Block Group 3, Census Tract 1029.01, Arlington County, Virginia",0.051446945,0.026795284
5.10131E+11,"Block Group 1, Census Tract 1029.02, Arlington County, Virginia",2635,663,1185,0.748387097,0.55028463,0.251612903,0.44971537,0.085768501,0.046679317,0.039848197,0.272865275,2635,61,0.023149905,67694,NA,NA,NA,NA,NA,NA,NA,NA,"Block Group 1, Census Tract 1029.02, Arlington County, Virginia",0.278937381,0.075901328
5.10131E+11,"Block Group 2, Census Tract 1029.02, Arlington County, Virginia",1471,159,224,0.891910265,0.847722638,0.108089735,0.152277362,0.024473148,0.032630863,0,0.044187627,1471,39,0.026512576,73023,NA,NA,NA,NA,NA,NA,NA,NA,"Block Group 2, Census Tract 1029.02, Arlington County, Virginia",0.120326309,0.0985724
5.10131E+11,"Block Group 1, Census Tract 1030, Arlington County, Virginia",1225,160,210,0.869387755,0.828571429,0.130612245,0.171428571,0.008163265,0.031836735,0.01877551,0.080816327,1225,0,0,77200,NA,NA,NA,NA,NA,NA,NA,NA,"Block Group 1, Census Tract 1030, Arlington County, Virginia",0.031020408,0.113469388
5.10131E+11,"Block Group 2, Census Tract 1030, Arlington County, Virginia",769,31,51,0.959687906,0.933680104,0.040312094,0.066319896,0,0,0,0.026007802,769,9,0.011703511,73933,NA,NA,NA,NA,NA,NA,NA,NA,"Block Group 2, Census Tract 1030, Arlington County, Virginia",0.050715215,0.105331599
5.10131E+11,"Block Group 3, Census Tract 1030, Arlington County, Virginia",1381,88,149,0.936278059,0.892107169,0.063721941,0.107892831,0.023171615,0.020275163,0,0.044170891,1381,24,0.017378711,73951,NA,NA,NA,NA,NA,NA,NA,NA,"Block Group 3, Census Tract 1030, Arlington County, Virginia",0.143374366,0.171614772
5.10131E+11,"Block Group 1, Census Tract 1031, Arlington County, Virginia",2796,1347,1670,0.518240343,0.402718169,0.481759657,0.597281831,0.282546495,0.028254649,0,0.201001431,2796,523,0.187052933,38057,NA,NA,NA,NA,NA,NA,NA,NA,"Block Group 1, Census Tract 1031, Arlington County, Virginia",0.163090129,0.114806867
5.10131E+11,"Block Group 2, Census Tract 1031, Arlington County, Virginia",2132,1049,1484,0.507973734,0.303939962,0.492026266,0.696060038,0.451219512,0.03424015,0,0.204033771,2103,680,0.323347599,49644,NA,NA,NA,NA,NA,NA,NA,NA,"Block Group 2, Census Tract 1031, Arlington County, Virginia",0.203095685,0.00750469
5.10131E+11,"Block Group 3, Census Tract 1031, Arlington County, Virginia",1465,907,993,0.380887372,0.3221843,0.619112628,0.6778157,0.300341297,0.032081911,0,0.318771331,1465,65,0.044368601,51309,NA,NA,NA,NA,NA,NA,NA,NA,"Block Group 3, Census Tract 1031, Arlington County, Virginia",0.180204778,0.122866894
5.10131E+11,"Block Group 1, Census Tract 1032, Arlington County, Virginia",1322,864,880,0.346444781,0.334341906,0.653555219,0.665658094,0.027231467,0.34720121,0.059757943,0.06505295,1322,74,0.055975794,35942,NA,NA,NA,NA,NA,NA,NA,NA,"Block Group 1, Census Tract 1032, Arlington County, Virginia",0.270801815,0.039334342
5.10131E+11,"Block Group 2, Census Tract 1032, Arlington County, Virginia",1866,1109,1261,0.4056806,0.324222937,0.5943194,0.675777063,0.304930332,0.279742765,0,0.093247588,1866,97,0.051982851,40774,NA,NA,NA,NA,NA,NA,NA,NA,"Block Group 2, Census Tract 1032, Arlington County, Virginia",0.132904609,0.087352626
5.10131E+11,"Block Group 3, Census Tract 1032, Arlington County, Virginia",1016,105,182,0.896653543,0.820866142,0.103346457,0.179133858,0.058070866,0.011811024,0,0.075787402,1016,19,0.018700787,82460,NA,NA,NA,NA,NA,NA,NA,NA,"Block Group 3, Census Tract 1032, Arlington County, Virginia",0.197834646,0.095472441
5.10131E+11,"Block Group 4, Census Tract 1032, Arlington County, Virginia",1639,611,758,0.627211714,0.53752288,0.372788286,0.46247712,0.051860891,0.100671141,0,0.278218426,1639,22,0.013422819,59925,NA,NA,NA,NA,NA,NA,NA,NA,"Block Group 4, Census Tract 1032, Arlington County, Virginia",0.266625991,0.093349603
5.10131E+11,"Block Group 1, Census Tract 1033, Arlington County, Virginia",1178,957,957,0.187606112,0.187606112,0.812393888,0.812393888,0.64516129,0.081494058,0,0.050933786,1178,368,0.312393888,33672,NA,NA,NA,NA,NA,NA,NA,NA,"Block Group 1, Census Tract 1033, Arlington County, Virginia",0.160441426,0.124787776
5.10131E+11,"Block Group 2, Census Tract 1033, Arlington County, Virginia",1372,580,681,0.577259475,0.503644315,0.422740525,0.496355685,0.152332362,0.173469388,0,0.136297376,1372,170,0.123906706,45426,NA,NA,NA,NA,NA,NA,NA,NA,"Block Group 2, Census Tract 1033, Arlington County, Virginia",0.275510204,0.048104956
5.10131E+11,"Block Group 1, Census Tract 1034.01, Arlington County, Virginia",1185,248,471,0.7907173,0.602531646,0.2092827,0.397468354,0.083544304,0.076793249,0.040506329,0.188185654,129,0,0,24376,NA,NA,NA,NA,NA,NA,NA,NA,"Block Group 1, Census Tract 1034.01, Arlington County, Virginia",0.857383966,0.004219409
38.865965,38.866706,38.868862,38.869055,38.871198,38.874273,38.874874,38.877096,38.881237,38.88384, 38.884749))),,,,,,,,,,,,,,,,,
5.10131E+11,"Block Group 1, Census Tract 1034.02, Arlington County, Virginia",1045,153,242,0.853588517,0.768421053,0.146411483,0.231578947,0.025837321,0.084210526,0,0.136842105,1045,76,0.072727273,76218,NA,NA,NA,NA,NA,NA,NA,NA,"Block Group 1, Census Tract 1034.02, Arlington County, Virginia",0.326315789,0.213397129
5.10131E+11,"Block Group 2, Census Tract 1034.02, Arlington County, Virginia",799,320,351,0.599499374,0.560700876,0.400500626,0.439299124,0.146433041,0.16020025,0.028785982,0.086357947,799,70,0.087609512,82397,NA,NA,NA,NA,NA,NA,NA,NA,"Block Group 2, Census Tract 1034.02, Arlington County, Virginia",0.151439299,0.09261577
5.10131E+11,"Block Group 3, Census Tract 1034.02, Arlington County, Virginia",1552,656,777,0.577319588,0.49935567,0.422680412,0.50064433,0.097938144,0.244201031,0,0.105025773,1552,152,0.097938144,77988,NA,NA,NA,NA,NA,NA,NA,NA,"Block Group 3, Census Tract 1034.02, Arlington County, Virginia",0.211340206,0.022551546
5.10131E+11,"Block Group 4, Census Tract 1034.02, Arlington County, Virginia",985,300,350,0.695431472,0.644670051,0.304568528,0.355329949,0.086294416,0.073096447,0,0.050761421,985,76,0.07715736,77823,NA,NA,NA,NA,NA,NA,NA,NA,"Block Group 4, Census Tract 1034.02, Arlington County, Virginia",0.270050761,0.027411168
5.10131E+11,"Block Group 5, Census Tract 1034.02, Arlington County, Virginia",1656,658,677,0.602657005,0.591183575,0.397342995,0.408816425,0.208333333,0.125603865,0,0.032608696,1656,129,0.077898551,80662,NA,NA,NA,NA,NA,NA,NA,NA,"Block Group 5, Census Tract 1034.02, Arlington County, Virginia",0.324275362,0.092391304
5.10131E+11,"Block Group 1, Census Tract 1035.01, Arlington County, Virginia",1194,328,420,0.725293132,0.648241206,0.274706868,0.351758794,0.09798995,0.128978224,0.011725293,0.113065327,1194,84,0.070351759,78519,NA,NA,NA,NA,NA,NA,NA,NA,"Block Group 1, Census Tract 1035.01, Arlington County, Virginia",0.206030151,0.246231156
5.10131E+11,"Block Group 2, Census Tract 1035.01, Arlington County, Virginia",1382,491,665,0.6447178,0.518813314,0.3552822,0.481186686,0.054992764,0.287988423,0,0.125904486,1382,280,0.20260492,59893,NA,NA,NA,NA,NA,NA,NA,NA,"Block Group 2, Census Tract 1035.01, Arlington County, Virginia",0.374095514,0.080318379
5.10131E+11,"Block Group 3, Census Tract 1035.01, Arlington County, Virginia",772,65,148,0.915803109,0.808290155,0.084196891,0.191709845,0,0.084196891,0,0.107512953,772,82,0.106217617,91441,NA,NA,NA,NA,NA,NA,NA,NA,"Block Group 3, Census Tract 1035.01, Arlington County, Virginia",0.295336788,0.047927461
5.10131E+11,"Block Group 1, Census Tract 1035.02, Arlington County, Virginia",3385,1462,1821,0.568094535,0.462038405,0.431905465,0.537961595,0.153028065,0.217725258,0.004135894,0.140324963,3385,239,0.070605613,83780,NA,NA,NA,NA,NA,NA,NA,NA,"Block Group 1, Census Tract 1035.02, Arlington County, Virginia",0.366026588,0.043131462
5.10131E+11,"Block Group 2, Census Tract 1035.02, Arlington County, Virginia",921,335,347,0.636264929,0.623235613,0.363735071,0.376764387,0.270358306,0.07383279,0,0.03257329,769,213,0.276983095,45365,NA,NA,NA,NA,NA,NA,NA,NA,"Block Group 2, Census Tract 1035.02, Arlington County, Virginia",0.092290988,0.466883822
5.10131E+11,"Block Group 1, Census Tract 1035.03, Arlington County, Virginia",2359,999,1090,0.576515473,0.537939805,0.423484527,0.462060195,0.136922425,0.207291225,0,0.078846969,2359,132,0.055955914,69938,NA,NA,NA,NA,NA,NA,NA,NA,"Block Group 1, Census Tract 1035.03, Arlington County, Virginia",0.320898686,0.028401865
5.10131E+11,"Block Group 2, Census Tract 1035.03, Arlington County, Virginia",1802,716,761,0.602663707,0.577691454,0.397336293,0.422308546,0.099889012,0.227524972,0.034406215,0.024972253,1802,238,0.132075472,62058,NA,NA,NA,NA,NA,NA,NA,NA,"Block Group 2, Census Tract 1035.03, Arlington County, Virginia",0.326304107,0.05327414
5.10131E+11,"Block Group 1, Census Tract 1036.01, Arlington County, Virginia",1078,75,125,0.930426716,0.884044527,0.069573284,0.115955473,0,0.051948052,0,0.046382189,1070,33,0.030841121,74282,NA,NA,NA,NA,NA,NA,NA,NA,"Block Group 1, Census Tract 1036.01, Arlington County, Virginia",0.193877551,0.128942486
5.10131E+11,"Block Group 2, Census Tract 1036.01, Arlington County, Virginia",812,158,228,0.805418719,0.719211823,0.194581281,0.280788177,0.001231527,0.10591133,0,0.086206897,811,72,0.088779285,56449,NA,NA,NA,NA,NA,NA,NA,NA,"Block Group 2, Census Tract 1036.01, Arlington County, Virginia",0.056650246,0.06773399
5.10131E+11,"Block Group 3, Census Tract 1036.01, Arlington County, Virginia",898,127,209,0.85857461,0.767260579,0.14142539,0.232739421,0.023385301,0.055679287,0,0.091314031,898,66,0.073496659,64155,NA,NA,NA,NA,NA,NA,NA,NA,"Block Group 3, Census Tract 1036.01, Arlington County, Virginia",0.231625835,0.051224944
5.10131E+11,"Block Group 1, Census Tract 1036.02, Arlington County, Virginia",544,197,308,0.637867647,0.433823529,0.362132353,0.566176471,0.005514706,0.323529412,0,0.204044118,544,104,0.191176471,51930,NA,NA,NA,NA,NA,NA,NA,NA,"Block Group 1, Census Tract 1036.02, Arlington County, Virginia",0.459558824,0.009191176
5.10131E+11,"Block Group 2, Census Tract 1036.02, Arlington County, Virginia",664,364,380,0.451807229,0.427710843,0.548192771,0.572289157,0.112951807,0.394578313,0,0.051204819,664,112,0.168674699,46728,NA,NA,NA,NA,NA,NA,NA,NA,"Block Group 2, Census Tract 1036.02, Arlington County, Virginia",0.510542169,0.040662651
5.10131E+11,"Block Group 1, Census Tract 1037, Arlington County, Virginia",1032,120,193,0.88372093,0.812984496,0.11627907,0.187015504,0.025193798,0.061046512,0,0.070736434,1024,9,0.008789063,97921,NA,NA,NA,NA,NA,NA,NA,NA,"Block Group 1, Census Tract 1037, Arlington County, Virginia",0.059108527,0.230620155
5.10131E+11,"Block Group 2, Census Tract 1037, Arlington County, Virginia",1699,300,490,0.823425544,0.711595056,0.176574456,0.288404944,0.035903473,0.067098293,0,0.162448499,1699,90,0.052972337,80411,NA,NA,NA,NA,NA,NA,NA,NA,"Block Group 2, Census Tract 1037, Arlington County, Virginia",0.119482048,0.145968217
5.10131E+11,"Block Group 1, Census Tract 1038, Arlington County, Virginia",3132,1206,1488,0.614942529,0.524904215,0.385057471,0.475095785,0.246487867,0.104725415,0,0.114942529,3132,390,0.124521073,49141,NA,NA,NA,NA,NA,NA,NA,NA,"Block Group 1, Census Tract 1038, Arlington County, Virginia",0.219667944,0.037675607
5.10131E+11,"Block Group 2, Census Tract 1038, Arlington County, Virginia",926,351,496,0.620950324,0.464362851,0.379049676,0.535637149,0.113390929,0.024838013,0,0.371490281,926,199,0.214902808,38824,NA,NA,NA,NA,NA,NA,NA,NA,"Block Group 2, Census Tract 1038, Arlington County, Virginia",0.273218143,0.10475162
5.10131E+11,"Block Group 3, Census Tract 1038, Arlington County, Virginia",853,307,364,0.640093787,0.573270809,0.359906213,0.426729191,0.185228605,0.120750293,0.053927315,0.066822978,853,0,0,65017,NA,NA,NA,NA,NA,NA,NA,NA,"Block Group 3, Census Tract 1038, Arlington County, Virginia",0.341148886,0.098475967
5.1014E+11,"Block Group 1, Census Tract 9801, Arlington County, Virginia",15,0,0,1,1,0,0,0,0,0,0,15,0,0,NA,NA,NA,NA,NA,NA,NA,NA,NA,"Block Group 1, Census Tract 9801, Arlington County, Virginia",0,0
-77.052135,-77.054334,-77.058575,-77.06165,-77.062748,-77.06292,-77.063719,-77.065394,-77.07057,-77.073704,-77.074878,-77.078408,-77.079135,38.881132,38.884791,38.884008,38.886424,38.887636,38.888654,38.89195,38.890415,38.893849,38.893279,38.897154,38.898229,38.90076283,38.900711,38.90036625
38.874012,38.87172394,38.870903,38.871883,38.870617,38.867123,38.86583,38.865208,38.864688,38.864849,38.86542,38.865845,38.865898,38.867127,38.86896,38.870192,38.868899,38.870962,38.8698,38.876105, 38.881132))),,,,,,,
5.1014E+11,"Block Group 1, Census Tract 9802, Arlington County, Virginia",4,0,0,1,1,0,0,0,0,0,0,4,0,0,NA,NA,NA,NA,NA,NA,NA,NA,NA,"Block Group 1, Census Tract 9802, Arlington County, Virginia",0,0
38.839262,38.840212,38.840212,38.8395987,38.841259,38.841266,38.847294, 38.84997))),,,,,,,,,,,,,,,,,,,,
